{"train_loss": [0.49394946942329404, 0.3518820325613022, 0.2848411536931992, 0.25995569592714307, 0.24096966757774352, 0.21806012387871743, 0.19565350018143654, 0.16612483099102973, 0.13695032409727573, 0.1022412481173873], "test_loss": [0.4196412918294311, 0.2919052549798018, 0.2743986136499484, 0.2626597784507047, 0.2644783953192887, 0.24484151255363112, 0.24621536710839362, 0.26520467274318077, 0.27684899115828193, 0.31642890275473806], "train_accuracy": [0.770775, 0.849325, 0.88205, 0.894625, 0.902575, 0.9138, 0.923325, 0.937075, 0.948975, 0.964925], "test_accuracy": [0.8233, 0.8799, 0.8874, 0.8909, 0.8917, 0.8976, 0.8993, 0.8964, 0.8951, 0.8923], "precision": [0.8272, 0.8609857035364936, 0.8970976253298153, 0.9138364779874214, 0.9132887588800669, 0.9031934123317935, 0.8942119671490028, 0.9144750465934977, 0.897410358565737, 0.8985915492957747], "recall": [0.8207977773367732, 0.9083151418932328, 0.8771581663028378, 0.8650525897995635, 0.8674340146854534, 0.892438975987299, 0.9075213335979361, 0.8763643580075412, 0.8940265925778924, 0.8862869616987498], "f1_score": [0.8239864528339476, 0.8840173829068082, 0.8870158539032712, 0.8887756142318279, 0.8897709923664122, 0.8977839888201237, 0.9008174923667881, 0.8950141872719903, 0.8957152798488915, 0.8923968428414427]}