{"train_loss": [0.4517438485503197, 0.30123677829504014, 0.26851132675409317, 0.23994724123477937, 0.21177047587931155, 0.17858345615714788, 0.14226117164045574, 0.10490307036712766, 0.07590540372356773, 0.052341958794463427], "test_loss": [0.3329166650010374, 0.27240210547805216, 0.2542295745386483, 0.2526339938322576, 0.24458780571723138, 0.2603057015675325, 0.2834720277783874, 0.3428728910633169, 0.3521165009111928, 0.4184557321829537], "train_accuracy": [0.7962, 0.874775, 0.8903, 0.902275, 0.917, 0.93265, 0.947525, 0.96345, 0.974625, 0.9829], "test_accuracy": [0.852, 0.8853, 0.8954, 0.8963, 0.8984, 0.8978, 0.8943, 0.8838, 0.8881, 0.8942], "precision": [0.9010592742844264, 0.8640104751215862, 0.884607975341938, 0.8740186915887851, 0.901577161110002, 0.8939007648558541, 0.8695248700816629, 0.9239011589766017, 0.8587115666178624, 0.8939244013457353], "recall": [0.7934113911490375, 0.916650128993848, 0.9112919230005954, 0.9279618972018258, 0.8962095653899583, 0.9045445524905735, 0.9297479658662433, 0.8384600119071244, 0.9311371303830125, 0.8964080174637825], "f1_score": [0.8438159560996202, 0.8895522388059702, 0.8977517106549364, 0.9001828857445375, 0.8988853503184713, 0.8991911619648847, 0.8986285604680158, 0.8791094465251768, 0.8934590117109397, 0.8951644867221562]}