{"train_loss": [0.6929203005313873, 0.6929232832908631, 0.6929246012210846, 0.6929234692573547, 0.6929177816390991, 0.6929180731773377, 0.6929299360752106, 0.6929210373878479, 0.6929163074493409, 0.6929228431701661], "test_loss": [0.6927934768862618, 0.6927934768862618, 0.6927934768862618, 0.6927934768862618, 0.6927934768862618, 0.6927934768862618, 0.6927934768862618, 0.6927934768862618, 0.6927934768862618, 0.6927934768862618], "train_accuracy": [0.502575, 0.5024, 0.502325, 0.50215, 0.50245, 0.502375, 0.5023, 0.502175, 0.50205, 0.502775], "test_accuracy": [0.5082, 0.5082, 0.5082, 0.5082, 0.5082, 0.5082, 0.5082, 0.5082, 0.5082, 0.5082], "precision": [0.5060859068504174, 0.5060859068504174, 0.5060859068504174, 0.5060859068504174, 0.5060859068504174, 0.5060859068504174, 0.5060859068504174, 0.5060859068504174, 0.5060859068504174, 0.5060859068504174], "recall": [0.9984123834094066, 0.9984123834094066, 0.9984123834094066, 0.9984123834094066, 0.9984123834094066, 0.9984123834094066, 0.9984123834094066, 0.9984123834094066, 0.9984123834094066, 0.9984123834094066], "f1_score": [0.6716955941255006, 0.6716955941255006, 0.6716955941255006, 0.6716955941255006, 0.6716955941255006, 0.6716955941255006, 0.6716955941255006, 0.6716955941255006, 0.6716955941255006, 0.6716955941255006]}