,accuracy,precision,recall,f1
BiLSTM,0.8871,0.8886,0.8859421734795613,0.8872690963554668
